scope,fold,mean_rmsd_additive,mean_rmsd_ridge,mean_rmsd_ensemble,mean_rmsd_adaptive,pairs
overall,all,0.5054336083988765,0.4259255471340862,0.4409399946381985,0.4256331091163799,75
per_fold,1,0.4947692230807842,0.43057037572427503,0.4387506288945325,0.4303127168996003,15
per_fold,2,0.5111553118877532,0.42256903450836636,0.44107742376944686,0.4220425862083456,15
per_fold,3,0.5145889349212996,0.44877427358286587,0.45668137309678997,0.4481583392427504,15
per_fold,4,0.4754516956990707,0.3889614844330517,0.4068653358590326,0.3890570060345103,15
per_fold,5,0.5312028764054745,0.4387525674218724,0.46132521157119016,0.43859489719669303,15
