scope,fold,mean_rmsd_additive,mean_rmsd_ridge,mean_rmsd_ensemble,mean_rmsd_adaptive,mean_rmsd_residual,pairs
overall,all,0.5054336083988765,0.4434302494855349,0.4470221951638526,0.4430478819711343,0.48419647339078664,75
per_fold,1,0.4947692230807842,0.43068090966023315,0.43885656303961845,0.4302995981725824,0.49319230750647464,15
per_fold,2,0.5111553118877532,0.42384112573387767,0.4417273389163135,0.423199715604481,0.4810665659332215,15
per_fold,3,0.5145889349212996,0.5335611059516161,0.4858482711704707,0.5329272298518724,0.5138329145760848,15
per_fold,4,0.4754516956990707,0.38863250518935627,0.40677016298730423,0.38885329974803906,0.4509586552342609,15
per_fold,5,0.5312028764054745,0.4404356008925913,0.4619086397055571,0.4399595664786968,0.4819319237038912,15
