scope,fold,mean_rmsd_additive,mean_rmsd_ridge,mean_rmsd_ensemble,mean_rmsd_adaptive,mean_rmsd_residual,pairs
overall,all,0.2091228852825201,0.2779407417703225,0.23161500493984677,0.260497978394417,0.23161500493984646,75
per_fold,1,0.21577541303627862,0.1965111201044323,0.1995911816027115,0.19606007920773158,0.19959118160271136,15
per_fold,2,0.21604961147633983,0.41759489738259165,0.2993567866620558,0.3764907000452317,0.2993567866620551,15
per_fold,3,0.20480738270017962,0.17208990821276907,0.17774272831160162,0.17132732708128892,0.17774272831160148,15
per_fold,4,0.19277394834799855,0.18934571038826517,0.18152987620299985,0.18447826819278534,0.18152987620299985,15
per_fold,5,0.21620807085180402,0.4141620727635543,0.299854451919865,0.37413351744504736,0.2998544519198648,15
